catalogue_id	characteristic	source_name_v5	entity	implementation_status	current_output_field	characteristic_group	availability_stage	role	source	data_type	unit_or_values	definition	calculation	interpretation	empty_value_meaning	evidence_or_reference	notes
C001	accepted_answer_id	accepted_answer_id	Accepted answer	Implemented	accepted_answer_id	Non-calculated	Later human evidence	Resolution outcome	Posts.AcceptedAnswerId where PostTypeId = 1	text	answer identifier	The identifier of the answer selected as the solution by the question author at the dump snapshot.	The value is copied from Posts.AcceptedAnswerId on the selected question row when an accepted answer is recorded.	A present value means that the author selected an answer as the solution. The identifier locates that answer row.	Empty when the question has no accepted answer at the dump snapshot.		Produced by the current builder and mapped to the current output field.
C002	answer_body_html	answer_body_html	Answer	Available in current source		Non-calculated	Source dump record	Text	Posts.Body	nvarchar	HTML / text. Empty means the source or processed text is unavailable.	The complete content of an answer as originally stored, including HTML tags used for paragraphs, links, lists, and code formatting.	The value is copied from Posts.Body for the relevant source record.	HTML tags preserve paragraphs, lists, links, and code formatting. HTML-aware rendering shows that structure; answer_body_text provides a flattened text form.	An empty value means the source text is unavailable.		Available in the current XML inputs and retained outside the question-level output until a separate table or explicit aggregation is defined.
C003	answer_creation_datetime	answer_creation_datetime	Answer	Available in current source		Non-calculated	Source dump record	Timestamp	Posts.CreationDate	datetime	UTC date and time, shown as YYYY-MM-DD hh:mm:ss with optional fractional seconds. Empty means that the event has no recorded timestamp.	The date and time when an answer was first posted.	The value is copied from Posts.CreationDate for the relevant source record.	The timestamp places the event in chronological order and supports elapsed-time calculations. Earlier timestamps occurred first.	An empty value means the event time is unavailable.		Available in the current XML inputs and retained outside the question-level output until a separate table or explicit aggregation is defined.
C004	answer_id	answer_id	Answer	Available in current source		Non-calculated	Source dump record	Identifier	Posts.Id	int	Positive integer identifier. Empty means that the related record or relationship is unavailable.	The unique number that identifies one answer.	The value is copied from Posts.Id for the relevant source record.	The value identifies one answer and links its body, posting time, score, and author information.	An empty value means the related record or relationship is unavailable.		Available in the current XML inputs and retained outside the question-level output until a separate table or explicit aggregation is defined.
C005	badge_id	badge_id	Badge	Requires additional dump file		Non-calculated	Additional source record	Identifier	Badges.Id	int	Positive integer identifier. Empty means that the related record or relationship is unavailable.	The unique number identifying one badge award made to one user.	The value is copied from Badges.Id for the relevant source record.	The value identifies one badge award and separates it from every other badge award in the source table.	An empty value means the related record or relationship is unavailable.		The required additional dump table is outside the current production inputs.
C006	badge_user_id	badge_user_id	Badge	Requires additional dump file		Non-calculated	Additional source record	Identifier	Badges.UserId	int	Positive integer identifier. Empty means that the related record or relationship is unavailable.	The unique number of the user who received the badge.	The value is copied from Badges.UserId for the relevant source record.	Matching this value with user_id identifies the account that received the badge.	An empty value means the related record or relationship is unavailable.		The required additional dump table is outside the current production inputs.
C007	close_reason_type_id	close_reason_type_id	Question	Requires Data Explorer source		Non-calculated	Data Explorer record	Identifier	Stack Exchange Data Explorer PendingFlags.CloseReasonTypeId	tinyint	Integer category code defined by the source table. Equality comparison applies to the codes. Empty means the code is unavailable.	A category code describing why a question was proposed for closure.	The value is copied from PendingFlags.CloseReasonTypeId for the relevant source record.	The number is a category label. The close-reason definitions map each code to one closure-reason category.	An empty value means the related record or relationship is unavailable.		PendingFlags is absent from the official public XML dump. PostHistory.xml can record the reason for a completed closure, while the pending flag itself requires a separately documented Stack Exchange Data Explorer query.
C008	closed_datetime	closed_datetime	Question	Implemented	closed_datetime	Non-calculated	Later human evidence	Moderation outcome	Posts.ClosedDate where PostTypeId = 1	datetime	UTC datetime	The recorded date and time when a question in the closed state was closed.	The value is copied from Posts.ClosedDate on the selected question row when a closure event is recorded.	A present value means the dump records the question as closed. The timestamp places that moderation event in time.	Empty when the dump records the question in the open state.		Produced by the current builder and mapped to the current output field.
C009	comment_creation_datetime	comment_creation_datetime	Question comment	Available in current source		Non-calculated	Source dump record	Timestamp	Comments.CreationDate	datetime	UTC date and time, shown as YYYY-MM-DD hh:mm:ss with optional fractional seconds. Empty means that the event has no recorded timestamp.	The date and time when a comment was posted directly on the question.	The value is copied from Comments.CreationDate for the relevant source record.	The timestamp places the event in chronological order and supports elapsed-time calculations. Earlier timestamps occurred first.	An empty value means the event time is unavailable.		Available in the current XML inputs and retained outside the question-level output until a separate table or explicit aggregation is defined.
C010	comment_id	comment_id	Question comment	Available in current source		Non-calculated	Source dump record	Identifier	Comments.Id	int	Positive integer identifier. Empty means that the related record or relationship is unavailable.	The unique number identifying one comment posted on a question.	The value is copied from Comments.Id for the relevant source record.	The value identifies one comment and links its text, posting time, author, score, and target post.	An empty value means the related record or relationship is unavailable.		Available in the current XML inputs and retained outside the question-level output until a separate table or explicit aggregation is defined.
C011	comment_post_id	comment_post_id	Question comment	Available in current source		Non-calculated	Source dump record	Identifier	Comments.PostId	int	Positive integer identifier. Empty means that the related record or relationship is unavailable.	The unique number of the question to which the comment was posted.	The value is copied from Comments.PostId for the relevant source record.	Matching this value with question_id attaches the comment directly to that question.	An empty value means the related record or relationship is unavailable.		Available in the current XML inputs and retained outside the question-level output until a separate table or explicit aggregation is defined.
C012	comment_text	comment_text	Question comment	Available in current source		Non-calculated	Source dump record	Text	Comments.Text	nvarchar	text. Empty means the source or processed text is unavailable.	The written message contained in a comment posted directly on the question.	The value is copied from Comments.Text for the relevant source record.	The value records the message written in the comment. Its purpose, such as clarification or correction, requires the separate comment-role assessment.	An empty value means the source text is unavailable.		Available in the current XML inputs and retained outside the question-level output until a separate table or explicit aggregation is defined.
C013	comment_user_id	comment_user_id	Question comment	Available in current source		Non-calculated	Source dump record	Identifier	Comments.UserId	int	Positive integer identifier. Empty means that the related record or relationship is unavailable.	The unique number of the user who wrote the comment.	The value is copied from Comments.UserId for the relevant source record.	Matching this value with user_id identifies the account that wrote the comment.	An empty value means no available user account is linked to the comment, for example because the account was removed.		Available in the current XML inputs and retained outside the question-level output until a separate table or explicit aggregation is defined.
C014	duplicate_of_question_id	duplicate_of_question_id	Question	Requires Data Explorer source		Non-calculated	Data Explorer record	Identifier	Stack Exchange Data Explorer PendingFlags.DuplicateOfQuestionId	int	Positive integer identifier. Empty means that the related record or relationship is unavailable.	The unique number of the earlier question identified as the duplicate target.	The value is copied from PendingFlags.DuplicateOfQuestionId for the relevant source record.	The value identifies the earlier question selected as the duplicate target and supports inspection of both questions.	An empty value means no duplicate target question is recorded for this pending flag.		PendingFlags is absent from the official public XML dump. PostLinks.xml can identify an established duplicate relationship, while the pending duplicate flag itself requires a separately documented Stack Exchange Data Explorer query.
C015	link_type_id	link_type_id	Post link	Requires additional dump file		Non-calculated	Additional source record	Identifier	PostLinks.LinkTypeId	tinyint	LinkTypeId code. These are categorical codes; equality comparison applies. Empty means the code is unavailable.	A category code describing the relationship between two linked posts, such as related or duplicate.	The value is copied from PostLinks.LinkTypeId for the relevant source record.	The number functions as a category label for the relationship. Its numeric value identifies a relationship category.	An empty value means the related record or relationship is unavailable.		The required additional dump table is outside the current production inputs.
C016	owner_user_id	owner_user_id	Question author	Implemented	owner_user_id	Non-calculated	Question metadata at dump snapshot	Identifier	Posts.OwnerUserId where PostTypeId = 1	text	user identifier	The identifier of the question author when that account is available in the dump.	The value is copied from Posts.OwnerUserId on the selected question row.	The identifier supports attribution and source joins when the author account is available.	Empty for deleted or unavailable user accounts.		Produced by the current builder and mapped to the current output field.
C017	parent_question_id	parent_question_id	Post	Available in current source		Non-calculated	Source dump record	Identifier	Posts.ParentId	int	Positive integer identifier. Empty means that the related record or relationship is unavailable.	The unique number of the question that an answer belongs to.	The value is copied from Posts.ParentId for the relevant source record.	Matching this value with question_id attaches the answer to its parent question.	An empty value means the related record or relationship is unavailable.		Available in the current XML inputs and retained outside the question-level output until a separate table or explicit aggregation is defined.
C018	pending_flag_post_id	pending_flag_post_id	Pending flag	Requires Data Explorer source		Non-calculated	Data Explorer record	Identifier	Stack Exchange Data Explorer PendingFlags.PostId	int	Positive integer identifier. Empty means that the related record or relationship is unavailable.	The unique number of the post affected by a pending moderation flag.	The value is copied from PendingFlags.PostId for the relevant source record.	Matching this value with a question or answer ID identifies the post affected by the pending moderation flag.	An empty value means the related record or relationship is unavailable.		PendingFlags is absent from the official public XML dump and requires a separately documented Stack Exchange Data Explorer query.
C019	post_history_comment	post_history_comment	Post history event	Requires additional dump file		Non-calculated	Additional source record	Interaction outcome	PostHistory.Comment	nvarchar	text. Empty means the source or processed text is unavailable.	A short note attached to a recorded change in a post's history, such as an edit summary.	The value is copied from PostHistory.Comment for the relevant source record.	The text can explain the reason for a recorded history event, such as the purpose of an edit. Its meaning depends on post_history_type_id.	An empty value means the source text is unavailable.		The required additional dump table is outside the current production inputs.
C020	post_history_creation_datetime	post_history_creation_datetime	Post history event	Requires additional dump file		Non-calculated	Additional source record	Timestamp	PostHistory.CreationDate	datetime	UTC date and time, shown as YYYY-MM-DD hh:mm:ss with optional fractional seconds. Empty means that the event has no recorded timestamp.	The date and time when a recorded change or moderation event occurred on a post.	The value is copied from PostHistory.CreationDate for the relevant source record.	The timestamp places the event in chronological order and supports elapsed-time calculations. Earlier timestamps occurred first.	An empty value means the event time is unavailable.		The required additional dump table is outside the current production inputs.
C021	post_history_id	post_history_id	Post history event	Requires additional dump file		Non-calculated	Additional source record	Identifier	PostHistory.Id	int	Positive integer identifier. Empty means that the related record or relationship is unavailable.	The unique number identifying one event in a post's change history.	The value is copied from PostHistory.Id for the relevant source record.	The value identifies one post-history event and separates it from every other recorded event.	An empty value means the related record or relationship is unavailable.		The required additional dump table is outside the current production inputs.
C022	post_history_post_id	post_history_post_id	Post history event	Requires additional dump file		Non-calculated	Additional source record	Identifier	PostHistory.PostId	int	Positive integer identifier. Empty means that the related record or relationship is unavailable.	The unique number of the question or answer affected by a history event.	The value is copied from PostHistory.PostId for the relevant source record.	Matching this value with a question or answer ID identifies the post changed by the history event.	An empty value means the related record or relationship is unavailable.		The required additional dump table is outside the current production inputs.
C023	post_history_text	post_history_text	Post history event	Requires additional dump file		Non-calculated	Additional source record	Text	PostHistory.Text	nvarchar	text. Empty means the source or processed text is unavailable.	The content stored with a post-history event, which can contain a title, body, tags, or other event-specific text.	The value is copied from PostHistory.Text for the relevant source record.	The stored content can represent a title, body, tags, or another event-specific value. post_history_type_id identifies which kind of content it contains.	An empty value means the source text is unavailable.		The required additional dump table is outside the current production inputs.
C024	post_history_type_id	post_history_type_id	Post history event	Requires additional dump file		Non-calculated	Additional source record	Identifier	PostHistory.PostHistoryTypeId	tinyint	Integer category code defined by the source table. Equality comparison applies to the codes. Empty means the code is unavailable.	A category code identifying what kind of change occurred in a post's history.	The value is copied from PostHistory.PostHistoryTypeId for the relevant source record.	The PostHistory type definitions map the number to the recorded event. The code identifies a post-history event category.	An empty value means the related record or relationship is unavailable.		The required additional dump table is outside the current production inputs.
C025	post_link_creation_datetime	post_link_creation_datetime	Post link	Requires additional dump file		Non-calculated	Additional source record	Timestamp	PostLinks.CreationDate	datetime	UTC date and time, shown as YYYY-MM-DD hh:mm:ss with optional fractional seconds. Empty means that the event has no recorded timestamp.	The date and time when a relationship between two posts was recorded.	The value is copied from PostLinks.CreationDate for the relevant source record.	The timestamp places the event in chronological order and supports elapsed-time calculations. Earlier timestamps occurred first.	An empty value means the event time is unavailable.		The required additional dump table is outside the current production inputs.
C026	post_link_id	post_link_id	Post link	Requires additional dump file		Non-calculated	Additional source record	Identifier	PostLinks.Id	int	Positive integer identifier. Empty means that the related record or relationship is unavailable.	The unique number identifying one recorded relationship between two posts.	The value is copied from PostLinks.Id for the relevant source record.	The value identifies one recorded relationship between two posts and links its source, destination, type, and creation time.	An empty value means the related record or relationship is unavailable.		The required additional dump table is outside the current production inputs.
C027	post_tag_post_id	post_tag_post_id	Post tag	Available in current source		Calculated by project	Source dump record	Identifier	Posts.Id and Posts.Tags where PostTypeId = 1	int	Positive integer identifier. Empty means that the related record or relationship is unavailable.	The unique number of the question associated with a question-to-tag relationship.	For each tag parsed from Posts.Tags, the relationship stores the question's Posts.Id as post_tag_post_id.	Matching this value with question_id identifies the question on one side of the question-to-tag relationship.	An empty value means the related record or relationship is unavailable.		Available in the current XML inputs and retained outside the question-level output until a separate table or explicit aggregation is defined.
C028	post_tag_tag_id	post_tag_tag_id	Post tag	Requires additional dump file		Calculated by project	Additional source record	Identifier	Posts.Tags where PostTypeId = 1, joined to Tags.TagName and Tags.Id from Tags.xml	int	Positive integer identifier. Empty means that the related record or relationship is unavailable.	The unique number of the tag associated with a question-to-tag relationship.	Each tag parsed from Posts.Tags is matched to Tags.TagName, and the matching Tags.Id becomes post_tag_tag_id.	Matching this value with tag_id identifies the topic tag on the other side of the question-to-tag relationship.	An empty value means the related record or relationship is unavailable.		The required additional dump table is outside the current production inputs.
C029	question_body_html	question_body_html	Question	Implemented	question_body_html	Non-calculated	Question content at dump snapshot	Text	Posts.Body where PostTypeId = 1	text	rendered HTML	The rendered HTML body of the question stored in the dump snapshot.	The value is copied from Posts.Body on the selected question row with its stored HTML markup.	The value preserves rendered formatting, code blocks, links, and images. HTML-aware software is required for display.	Empty only when the source body is unavailable.		Produced by the current builder and mapped to the current output field.
C030	question_creation_datetime	question_creation_datetime	Question	Implemented	question_creation_datetime	Non-calculated	Question-time metadata	Timestamp	Posts.CreationDate where PostTypeId = 1	datetime	UTC datetime	The date and time when the question was posted.	The value is copied from Posts.CreationDate on the selected question row.	The timestamp places the question in a period or cohort. Stack Exchange dump timestamps are recorded in UTC.	Never empty in a valid output.	Kabir et al. 2024	Produced by the current builder and mapped to the current output field.
C031	question_id	question_id	Question	Implemented	question_id	Non-calculated	Question-time metadata	Identifier	Posts.Id where PostTypeId = 1	text	positive post identifier	The identifier assigned to the question by Stack Exchange.	The value is copied from Posts.Id on the selected question row where PostTypeId = 1.	The stable number supports record joins and identifies the same question across extracts and tables.	Never empty in a valid output.		Produced by the current builder and mapped to the current output field.
C032	question_tags_raw	question_tags_raw	Tag	Implemented	question_tags_raw	Non-calculated	Question content at dump snapshot	Topic	Posts.Tags where PostTypeId = 1	text	<tag-a><tag-b>	The exact tag string stored on the question row.	The value is copied from Posts.Tags on the selected question row with the original angle-bracket notation.	The value supports source verification. Each tag appears between angle brackets in the original dump notation.	Empty when the question has no source tags.		Produced by the current builder and mapped to the current output field.
C033	question_title	question_title	Question	Implemented	question_title	Non-calculated	Question content at dump snapshot	Text	Posts.Title where PostTypeId = 1	text	HTML-decoded text	The question title stored in the dump snapshot.	The value is copied from Posts.Title on the selected question row. XML entities are decoded during XML parsing.	The value is the short wording displayed above the question body in the dump snapshot.	Empty only when the source title is unavailable.	Raida et al. 2024	Produced by the current builder and mapped to the current output field.
C034	related_post_id	related_post_id	Post link	Requires additional dump file		Non-calculated	Additional source record	Identifier	PostLinks.RelatedPostId	int	Positive integer identifier. Empty means that the related record or relationship is unavailable.	The unique number of the post at the destination of a recorded post relationship.	The value is copied from PostLinks.RelatedPostId for the relevant source record.	The value identifies the destination post in a duplicate or related-post relationship.	An empty value means the related record or relationship is unavailable.		The required additional dump table is outside the current production inputs.
C035	source_post_id	source_post_id	Post link	Requires additional dump file		Non-calculated	Additional source record	Identifier	PostLinks.PostId	int	Positive integer identifier. Empty means that the related record or relationship is unavailable.	The unique number of the post from which a recorded post relationship starts.	The value is copied from PostLinks.PostId for the relevant source record.	The value identifies the source post in a duplicate or related-post relationship.	An empty value means the related record or relationship is unavailable.		The required additional dump table is outside the current production inputs.
C036	tag_id	tag_id	Tag	Requires additional dump file		Non-calculated	Additional source record	Identifier	Tags.Id	int	Positive integer identifier. Empty means that the related record or relationship is unavailable.	The unique number identifying one Stack Exchange topic tag.	The value is copied from Tags.Id for the relevant source record.	The value identifies one topic tag and links its name, usage count, and question relationships.	An empty value means the related record or relationship is unavailable.		The required additional dump table is outside the current production inputs.
C037	tag_name	tag_name	Tag	Requires additional dump file		Non-calculated	Additional source record	Topic	Tags.TagName	nvarchar	text. Empty means the source or processed text is unavailable.	The readable topic label displayed on questions, such as python, linux, or machine-learning.	The value is copied from Tags.TagName for the relevant source record.	The value is the topic name displayed on questions and supports grouping questions that share that topic.	An empty value means the source text is unavailable.		The required additional dump table is outside the current production inputs.
C038	user_creation_datetime	user_creation_datetime	User	Requires additional dump file		Non-calculated	Additional source record	Timestamp	Users.CreationDate	datetime	UTC date and time, shown as YYYY-MM-DD hh:mm:ss with optional fractional seconds. Empty means that the event has no recorded timestamp.	The date and time when the user's account was created on the Stack Exchange site.	The value is copied from Users.CreationDate for the relevant source record.	The timestamp places the event in chronological order and supports elapsed-time calculations. Earlier timestamps occurred first.	An empty value means the event time is unavailable.		The required additional dump table is outside the current production inputs.
C039	user_id	user_id	User	Requires additional dump file		Non-calculated	Additional source record	Identifier	Users.Id	int	Positive integer identifier. Empty means that the related record or relationship is unavailable.	The unique number identifying one user account on the Stack Exchange site.	The value is copied from Users.Id for the relevant source record.	The value identifies one account within the selected Stack Exchange community and links its profile and authored content.	An empty value means the related record or relationship is unavailable.		The required additional dump table is outside the current production inputs.
C040	vote_creation_datetime	vote_creation_datetime	Vote	Available in current source		Non-calculated	Source dump record	Timestamp	Votes.CreationDate	datetime	UTC date and time, shown as YYYY-MM-DD hh:mm:ss with optional fractional seconds. Empty means that the event has no recorded timestamp.	The date on which a vote-related event was recorded for a post.	The value is copied from Votes.CreationDate for the relevant source record.	The timestamp places the event in chronological order and supports elapsed-time calculations. Earlier timestamps occurred first.	An empty value means the event time is unavailable.		Available in the current XML inputs and retained outside the question-level output until a separate table or explicit aggregation is defined.
C041	vote_id	vote_id	Vote	Available in current source		Non-calculated	Source dump record	Identifier	Votes.Id	int	Positive integer identifier. Empty means that the related record or relationship is unavailable.	The unique number identifying one vote record.	The value is copied from Votes.Id for the relevant source record.	The value identifies one vote record and separates it from every other recorded vote.	An empty value means the related record or relationship is unavailable.		Available in the current XML inputs and retained outside the question-level output until a separate table or explicit aggregation is defined.
C042	vote_post_id	vote_post_id	Vote	Available in current source		Non-calculated	Source dump record	Identifier	Votes.PostId	int	Positive integer identifier. Empty means that the related record or relationship is unavailable.	The unique number of the question or answer that received the vote.	The value is copied from Votes.PostId for the relevant source record.	Matching this value with a question or answer ID identifies the post that received the vote.	An empty value means the related record or relationship is unavailable.		Available in the current XML inputs and retained outside the question-level output until a separate table or explicit aggregation is defined.
C043	vote_type_id	vote_type_id	Vote	Available in current source		Non-calculated	Source dump record	Identifier	Votes.VoteTypeId	tinyint	Integer category code defined by the source table. Equality comparison applies to the codes. Empty means the code is unavailable.	A category code describing what kind of vote or vote-related event occurred.	The value is copied from Votes.VoteTypeId for the relevant source record.	The VoteTypes lookup maps the code to the recorded vote event. The numeric value identifies a vote-event category.	An empty value means the related record or relationship is unavailable.		Available in the current XML inputs and retained outside the question-level output until a separate table or explicit aggregation is defined.
C044	vote_type_name	vote_type_name	Vote	Available in current source		Calculated by project	Source dump record	Vote category	Votes.VoteTypeId and the documented Stack Exchange vote-type mapping	nvarchar	Text label naming the vote category associated with vote_type_id. Empty means the VoteTypes lookup value is unavailable.	The readable name of a vote category, such as UpMod or DownMod.	Votes.VoteTypeId is matched to the documented Stack Exchange vote-type mapping, and the corresponding readable label becomes vote_type_name.	The label gives the readable meaning of vote_type_id, such as an up-vote or down-vote category.	An empty value means the source text is unavailable.		Available in the current XML inputs and retained outside the question-level output until a separate table or explicit aggregation is defined.
C045	accepted_answer_body_text	accepted_answer_body_text	Accepted answer	Implemented	accepted_answer_body_text	Calculated by project	Later human evidence	Text	Posts.Body on the available accepted-answer row	text	plain visible text	The visible text of the currently accepted answer converted from rendered HTML.	The accepted-answer HTML is parsed, and visible text is joined with normalized spaces.	The value is the visible accepted-answer content with HTML formatting flattened into spaces.	Empty when the accepted-answer row is unavailable or has no body.		Produced by the current builder and mapped to the current output field.
C046	accepted_answer_creation_datetime	accepted_answer_creation_datetime	Accepted answer	Implemented	accepted_answer_creation_datetime	Calculated by project	Later human evidence	Timestamp	The available row identified by accepted_answer_id	datetime	UTC datetime	The posting time of the answer that is currently accepted.	The value is the CreationDate from the available accepted-answer row.	The value is the posting time of the answer that is currently accepted. It records answer arrival and serves as the start point for that answer content.	Empty when the accepted-answer row is unavailable.		Produced by the current builder and mapped to the current output field.
C047	accepted_answer_score	accepted_answer_score	Accepted answer	Implemented	accepted_answer_score	Calculated by Stack Exchange	Dump-snapshot context	Community reception	Posts.Score on the available accepted-answer row	integer	net votes	The accepted answer's voting result at the dump snapshot: up-votes increase the value and down-votes decrease it.	Stack Exchange calculates the net voting score and stores it in Posts.Score; the value is copied from the available accepted-answer row.	Positive values show more up-votes than down-votes, zero shows a balanced or limited voting result, and negative values show more down-votes.	Empty when the accepted-answer row is unavailable.		Produced by the current builder and mapped to the current output field.
C048	accepted_answer_validity	accepted_answer_validity	Accepted answer	Requires manual assessment		Assessed manually	Manual assessment	Response outcome	question_body_text, accepted_answer_body_text, supporting evidence, and reviewer judgment	category	valid / partially valid / contested / invalid / unknown. Empty means the item is awaiting a category assignment.	A review result describing whether the accepted answer actually gives a correct and useful solution to the question.	A manual review compares accepted_answer_body_text with question_body_text and explicit answer evidence and assigns valid, partially valid, contested, invalid, or unknown.	Valid means the accepted answer gives a correct and useful solution; partially valid means it is useful with a material limitation; contested means evidence conflicts; invalid means it fails; unknown means the evidence is insufficient.	An empty value means the classification is unavailable.		A documented assessment protocol and reviewer evidence are required before implementation.
C049	accepted_answer_score_rank	accepted_score_rank	Accepted answer	Implemented	accepted_answer_score_rank	Calculated by project	Dump-snapshot context	Community reception	accepted_answer_score and all available answer scores	integer	rank, 1 is highest	The accepted answer position when the available answers are ordered from highest score to lowest score.	The rank equals 1 plus the number of available answer scores strictly greater than accepted_answer_score.	Rank 1 means the accepted answer shares the highest score. Rank 2 means one available answer has a higher score, and subsequent ranks follow the same rule.	Empty when the accepted-answer score is unavailable.		Dictionary v5 name mapped to the canonical field accepted_answer_score_rank: accepted_score_rank.
C050	addition_carrying_operations	addition_carrying_operations	Benchmark instance	Literature-derived candidate		Calculated by project	Research candidate	Difficulty evidence	External addition-benchmark input	int	Non-negative integer count. 0 means that the counted quantity is absent. Empty means the source needed for counting is unavailable.	The number of times an addition problem requires carrying a value from one digit position to the next.	addition_carrying_operations = count digit positions in the addition instance where aligned addend digits plus incoming carry produce a carry to the next position. The value comes from the external benchmark dataset.	Zero means the addition requires no carrying. Larger values mean more digit positions require a carry operation.	An empty value means the required source information is unavailable.	Zhou et al. 2024	Scientific selection and a complete calculation specification are required before implementation.
C051	alternative_valid_answers	alternative_valid_answers	Answer	Requires manual assessment		Assessed manually	Manual assessment	Response outcome	question_body_text, accepted_answer_body_text, non-accepted answer text, and reviewer judgment	category	yes / no / unclear. Empty means the item is awaiting a category assignment.	Whether the thread contains a correct alternative answer in addition to the accepted answer.	A manual review compares non-accepted answers with question_body_text and accepted_answer_body_text and assigns yes, no, or unclear depending on whether another answer is valid.	Yes means at least one non-accepted answer is also valid, no means none is valid, and unclear means the available evidence does not support a confident decision.	An empty value means the classification is unavailable.		A documented assessment protocol and reviewer evidence are required before implementation.
C052	anagram_letter_count	anagram_letter_count	Benchmark instance	Literature-derived candidate		Calculated by project	Research candidate	Difficulty evidence	External anagram-benchmark input	int	Non-negative integer count. 0 means that the counted quantity is absent. Empty means the source needed for counting is unavailable.	The number of letters in the scrambled word or phrase used in an anagram task.	anagram_letter_count = number of letters in the jumbled anagram string. The value comes from the external benchmark dataset.	Zero means no letters in the anagram; larger values indicate more letters in the anagram.	An empty value means the source needed to produce the count is unavailable. A value of 0 is a valid observed count.	Zhou et al. 2024	Scientific selection and a complete calculation specification are required before implementation.
C053	answer_body_text	answer_body_text	Answer	Available in current source		Calculated by project	Source dump record	Text	Posts.Body	text	text. Empty means the source or processed text is unavailable.	The readable written content of an answer, without HTML tags or webpage formatting.	The calculation parses answer_body_html as HTML, removes markup tags, decodes HTML entities, and normalizes whitespace.	The value is the plain-text version of the answer. Code and links may remain as readable text after their HTML tags are removed.	An empty value means the source text is unavailable.		Available in the current XML inputs and retained outside the question-level output until a separate table or explicit aggregation is defined.
C054	answer_score_spread	answer_score_spread	Answer	Implemented	answer_score_spread	Calculated by project	Dump-snapshot context	Community reception	Posts.Score on available answer rows	integer	score points	The difference between the highest and lowest answer score for the question.	The minimum available answer score is subtracted from the maximum available answer score.	Zero means the available answer scores are equal. Larger values indicate a wider voting difference between the highest- and lowest-scored answers.	Empty when no answer score is available; zero when only one score is available or all scores are equal.		Produced by the current builder and mapped to the current output field.
C055	asker_accept_rate	asker_accept_rate	Question author	Literature-derived candidate		Calculated by project	Research candidate	Author history	Posts.OwnerUserId, Posts.AcceptedAnswerId, and Posts.PostTypeId across the author's question history	float	Decimal ratio from 0 to 1. For example, 0.25 means 25%. Empty means the required denominator or source history is unavailable.	The proportion of a user's questions for which that user selected an accepted answer.	asker_accept_rate = count(question_id where post_type_id = 1 and owner_user_id = user_id and accepted_answer_id has a value) / count(question_id where post_type_id = 1 and owner_user_id = user_id).	0 means the user accepted no answers, 1 means the user accepted an answer on every question, and 0.25 means one quarter of the user's questions have an accepted answer.	An empty value means one or more required inputs are unavailable. A value of 0 is a valid numeric result.	Raida et al. 2024	Scientific selection and a complete calculation specification are required before implementation.
C056	average_terms_entropy	average_terms_entropy	Question	Literature-derived candidate		Calculated by project	Research candidate	Text characteristic	Question title and visible body text across the selected corpus	float	Non-negative decimal entropy value. Larger values indicate greater diversity or unpredictability under the stated method. Empty means the required text or corpus statistics are unavailable.	A text-diversity measure showing how unusual or unpredictable the words in a question are compared with words in the full question collection.	average_terms_entropy = sum(term_entropy(term) for terms in question_body_text) / character_count(question_body_text), where term_entropy is computed over the corpus before scoring each question.	Larger values indicate words that are more varied or less predictable relative to the collection. Valid comparisons use the same corpus and preprocessing method.	An empty value means one or more required inputs are unavailable. A value of 0 is a valid numeric result.	Mondal et al. 2021	Scientific selection and a complete calculation specification are required before implementation.
C057	code_character_count	code_character_count	Question	Implemented	code_character_count	Calculated by project	Question content at dump snapshot	Code characteristic	Derived from Posts.Body	integer	Non-negative character count	The number of characters contained in HTML code elements in the question body, including whitespace.	Posts.Body is parsed as HTML, and the text length of every code element is summed once.	Zero means the question body contains no code element. Larger values indicate more code text.	The calculated field is always present; unavailable body HTML produces 0.		Produced by the current builder and mapped to the current output field.
C058	code_line_count	code_line_count	Question	Implemented	code_line_count	Calculated by project	Question content at dump snapshot	Code characteristic	question_body_html	integer	non-empty lines	The number of non-empty lines inside preformatted code blocks in the question.	Each pre element is extracted, and its non-empty text lines are counted.	Zero means the body contains no non-empty line in a preformatted code block. Larger values indicate more block-formatted code.	Zero when no preformatted code block is present.	Raida et al. 2024	Produced by the current builder and mapped to the current output field.
C059	comment_role_after_interaction	comment_role_after_interaction	Question comment	Requires manual assessment		Assessed manually	Manual assessment	Interaction outcome	Direct question-comment text and reviewer judgment	category	clarification / hint / objection / correction / praise / social / irrelevant. Empty means the item is awaiting a category assignment.	The main purpose served by a comment left directly on the question, such as requesting clarification, suggesting a correction, or offering praise.	A manual coding procedure reads each question comment and assigns its main role: clarification, hint, objection, correction, praise, social, or irrelevant.	Clarification requests missing information; hint suggests a direction; objection challenges content; correction supplies a fix; praise expresses approval; social serves conversation; irrelevant does not advance the question.	An empty value means the classification is unavailable.		A documented assessment protocol and reviewer evidence are required before implementation.
C060	difficulty_concordance	difficulty_concordance	Human-model comparison	Requires model evaluation		Calculated during model evaluation	Model evaluation	Model performance	External benchmark difficulty labels and stored model-evaluation results	numeric	Concordance score transformed to a 0–100 scale by the method in column H. Larger values indicate stronger agreement between anticipated difficulty and model performance. Empty means paired difficulty and response data are unavailable.	A score showing how closely anticipated human difficulty agrees with the model's actual success or failure on the same tasks.	The calculation computes difficulty concordance using the generality metric between difficulty values and response success, then transform with x / (x + 1) * 100. The paper defines correctness and prudence variants.	Larger values mean anticipated human difficulty aligns more strongly with the model outcomes. Smaller values mean the difficulty estimate and observed model behavior agree less.	An empty value means one or more required inputs are unavailable. A value of 0 is a valid numeric result.	Zhou et al. 2024	A documented model-evaluation protocol and stored model outputs are required before implementation.
C061	doc2vec_representation	doc2vec_representation	Question	Literature-derived candidate		Calculated by project	Research candidate	Text representation	Processed question title, body, and tags across the selected corpus	vector	numeric vector. Each position stores one model feature or weight. Empty means the model representation is awaiting generation.	A fixed-length numeric representation of a question produced by a Doc2Vec language model.	The calculation trains Gensim Doc2Vec on processed_question_text with min_count = 2, tests vector sizes 20-40, retains size 36 from the cited study, and infers one vector per question.	The complete vector represents one question for similarity, clustering, or prediction with the same fitted Doc2Vec model.	An empty value means the representation or required model input is unavailable.	Raida et al. 2024	Scientific selection and a complete calculation specification are required before implementation.
C062	time_to_first_answer_hours	fastest_response_time_hours; time_to_first_answer_hours	Answer	Implemented	time_to_first_answer_hours	Calculated by project	Later human evidence	Response timing	question_creation_datetime and first_answer_creation_datetime	float	hours	The elapsed hours from question posting to the earliest available answer posting.	The question creation timestamp is subtracted from the earliest available answer timestamp, and the elapsed seconds are divided by 3,600.	Smaller values indicate a faster first response. Zero represents an answer posted within the same recorded instant.	Empty when no answer is available or a valid non-negative interval cannot be calculated.	SOQDE 2018; Raida et al. 2024	Dictionary v5 aliases were consolidated because they describe the same calculation: fastest_response_time_hours; time_to_first_answer_hours.
C063	first_answer_creation_datetime	first_answer_creation_datetime	Answer	Implemented	first_answer_creation_datetime	Calculated by project	Later human evidence	Timestamp	Available answer rows	datetime	UTC datetime	The posting time of the earliest available answer.	The value is the CreationDate associated with first_answer_id.	Comparison with the question creation time shows when the first available answer appeared.	Empty when no answer row is available.		Produced by the current builder and mapped to the current output field.
C064	has_stackexchange_answer	has_answer	Question thread	Implemented	has_stackexchange_answer	Calculated by project	Later human evidence	Response outcome	Derived from Posts.AnswerCount	boolean	TRUE or FALSE	A Boolean indicator showing whether the Stack Exchange platform-maintained answer count is greater than zero.	The value is TRUE when stackexchange_answer_count is greater than zero and FALSE when it equals zero.	TRUE means the platform-maintained count records at least one answer. A difference from has_available_answer indicates that the maintained count and the available answer rows describe different source states.	An empty value means Posts.AnswerCount is unavailable.		Dictionary v5 name mapped to the canonical field has_stackexchange_answer: has_answer.
C065	human_anticipated_task_difficulty	human_anticipated_task_difficulty	Benchmark instance	Requires manual assessment		Assessed manually	Manual assessment	Difficulty evidence	External human-study or benchmark labels	numeric	Score from 0 to 100 representing anticipated human difficulty. 0 means lowest anticipated failure probability and 100 means highest. Empty means the benchmark calibration is unavailable.	A 0–100 estimate of how difficult a benchmark task is expected to be for a person.	human_anticipated_task_difficulty is calibrated from human study S1 with a two-parameter logistic mapping to a 0-100 probability-of-human-failure scale. The value comes from the external benchmark dataset.	0 represents the lowest estimated probability of human failure and 100 the highest. For example, 70 describes a task expected to be substantially harder for people than a task scored 20.	An empty value means one or more required inputs are unavailable. A value of 0 is a valid numeric result.	Zhou et al. 2024	A documented assessment protocol and reviewer evidence are required before implementation.
C066	lda_topic_representation	lda_topic_representation	Question	Literature-derived candidate		Calculated by project	Research candidate	Text representation	Processed question title, body, and tags across the selected corpus	vector	topic vector. Each position stores one model feature or weight. Empty means the model representation is awaiting generation.	A list of probabilities describing which learned topics are present in a question.	The calculation fits Gensim LDA to processed_question_text, tests 20-40 topics, retains 23 topics from the cited study, and infers one topic-probability vector per question.	Each position is the estimated share of one learned topic. Larger values mean that topic is more prominent; the positions only make sense with the fitted model's topic list.	An empty value means the representation or required model input is unavailable.	Raida et al. 2024	Scientific selection and a complete calculation specification are required before implementation.
C067	locality_inverse_city_popularity	locality_inverse_city_popularity	Benchmark instance	Literature-derived candidate		Calculated by project	Research candidate	Difficulty evidence	External world-cities benchmark input and city-popularity data	numeric	Non-negative inverse-popularity score for a city. Larger values represent a less popular or more obscure city. Empty means city popularity data are unavailable.	A difficulty value that treats less well-known cities as harder locality questions than widely known cities.	locality_inverse_city_popularity uses the inverse of city popularity as the locality difficulty proxy fpop. The main article identifies the proxy; implementation details are in the paper's supplementary material/code. The value comes from the external benchmark dataset.	Larger values represent less popular cities and therefore greater expected locality difficulty under this proxy. Comparisons require the same city-popularity source and formula.	An empty value means one or more required inputs are unavailable. A value of 0 is a valid numeric result.	Zhou et al. 2024	Scientific selection and a complete calculation specification are required before implementation.
C068	median_answer_response_hours	median_response_time_hours	Answer	Implemented	median_answer_response_hours	Calculated by project	Later human evidence	Response timing	Question and available answer creation times	float	hours	The median posting delay across all available answers to the question.	The value is the median of all non-negative answer-posting delays.	Half of the available answers were posted by this delay and half were posted at or after it. Larger values describe generally slower answer arrival.	Empty when no valid answer delay is available.	SOQDE 2018	Dictionary v5 name mapped to the canonical field median_answer_response_hours: median_response_time_hours.
C069	metric_entropy	metric_entropy	Question	Literature-derived candidate		Calculated by project	Research candidate	Text characteristic	Visible question title and body text	float	Non-negative decimal entropy value. Larger values indicate greater diversity or unpredictability under the stated method. Empty means the required text or corpus statistics are unavailable.	A character-diversity measure for the question text.	metric_entropy = shannon_entropy(question_body_text) / character_count(question_body_text).	Larger values indicate a more varied character distribution under this normalization. Valid comparisons use the same text cleaning and formula.	An empty value means one or more required inputs are unavailable. A value of 0 is a valid numeric result.	Mondal et al. 2021	Scientific selection and a complete calculation specification are required before implementation.
C070	model_answer_comprehensiveness	model_answer_comprehensiveness	Model evaluation	Requires model evaluation		Calculated during model evaluation	Model evaluation	Model performance	Stored model-generated answer and comprehensiveness assessment evidence	category	complete / partial / incomplete. Empty means the item is awaiting a category assignment.	An evaluation of whether a model-generated answer covers every important part of the question.	The assessment assigns the comprehensive label when all parts of the question are addressed and a complete solution is provided.	Complete means all required parts are covered, partial means some are covered, and incomplete means important requested content is missing.	An empty value means the classification is unavailable.	Kabir et al. 2024	A documented model-evaluation protocol and stored model outputs are required before implementation.
C071	model_answer_conciseness	model_answer_conciseness	Model evaluation	Requires model evaluation		Calculated during model evaluation	Model evaluation	Model performance	Stored model-generated answer and conciseness assessment evidence	category	concise / acceptable / verbose. Empty means the item is awaiting a category assignment.	An evaluation of whether a model-generated answer is appropriately brief or contains unnecessary material.	The assessment codes conciseness problems as Redundant, Irrelevant, or Excess information. A verbose label is assigned when one or more conciseness problems are present; the project rubric distinguishes concise and acceptable answers in the remaining cases.	Concise means focused and economical, acceptable means sufficiently focused, and verbose means unnecessary repetition or material is present.	An empty value means the classification is unavailable.	Kabir et al. 2024	A documented model-evaluation protocol and stored model outputs are required before implementation.
C072	model_answer_consistency	model_answer_consistency	Model evaluation	Requires model evaluation		Calculated during model evaluation	Model evaluation	Model performance	Stored model-generated answer, validated reference answer, and consistency assessment evidence	category	consistent / partially consistent / inconsistent. Empty means the item is awaiting a category assignment.	An evaluation of whether a model-generated answer agrees with the validated Stack Exchange answer.	The assessment compares the model answer with the accepted Stack Exchange answer and codes factual, conceptual, terminological, coding, or solution-count inconsistencies.	Consistent means no important conflict with the reference answer; partially consistent means limited disagreement; inconsistent means a material conflict exists.	An empty value means the classification is unavailable.	Kabir et al. 2024	A documented model-evaluation protocol and stored model outputs are required before implementation.
C073	model_answer_correctness	model_answer_correctness	Model evaluation	Requires model evaluation		Calculated during model evaluation	Model evaluation	Model performance	Stored model-generated answer, validated reference answer, supporting sources, and correctness assessment evidence	category	correct / partially correct / wrong / ambiguous. Empty means the item is awaiting a category assignment.	An evaluation of whether a model-generated answer is factually and technically correct.	The assessment compares the model answer with the accepted Stack Exchange answer and supporting technical sources, then codes factual, conceptual, coding, and terminological errors.	Correct means no identified material error, partially correct means useful content with some error or omission, wrong means the answer fails technically, and ambiguous means the evidence is insufficient for a confident judgment.	An empty value means the classification is unavailable.	Kabir et al. 2024	A documented model-evaluation protocol and stored model outputs are required before implementation.
C074	model_answer_linguistic_features	model_answer_linguistic_features	Model evaluation	Requires model evaluation		Calculated during model evaluation	Model evaluation	Model performance	Stored model-generated answer and the specified linguistic-analysis model	vector / numeric	feature vector. Each position stores one model feature or weight. Empty means the model representation is awaiting generation.	Numeric measurements of the language used in a model-generated answer, such as the frequency of different word categories.	The calculation computes LIWC word-frequency features for generated answers; for pairwise ChatGPT-vs-SO comparison, RD = (ChatGPT average frequency - SO average frequency) / SO average frequency. Uses generated model answer text outside SEDE.	Each number represents the named linguistic feature that produced it. Comparisons are meaningful only when the same feature set and preprocessing were used.	An empty value means the representation or required model input is unavailable.	Kabir et al. 2024	A documented model-evaluation protocol and stored model outputs are required before implementation.
C075	model_answer_sentiment	model_answer_sentiment	Model evaluation	Requires model evaluation		Calculated during model evaluation	Model evaluation	Model performance	Stored model-generated answer and the specified sentiment-analysis model	category / numeric	positive / neutral / negative or score. Empty means the item is awaiting a category assignment.	The positive, neutral, or negative tone detected in a model-generated answer.	The calculation applies a RoBERTa-based Hugging Face sentiment model pretrained on Twitter and fine-tuned on 4,423 annotated Stack Overflow posts; output positive, neutral, negative, or corresponding score. Uses generated model answer text outside SEDE.	Positive, neutral, and negative describe the detected tone. Technical correctness is evaluated through model_answer_correctness.	An empty value means the classification is unavailable.	Kabir et al. 2024	A documented model-evaluation protocol and stored model outputs are required before implementation.
C076	model_avoidance	model_avoidance	Model evaluation	Requires model evaluation		Calculated during model evaluation	Model evaluation	Model performance	Stored model-generated answer and the benchmark avoidance rule	category	avoidant / non-avoidant. Empty means the item is awaiting a category assignment.	Whether the model avoided the requested answer by refusing or abstaining from the task.	The assessment classifies a model response as avoidant when it refuses, abstains, or otherwise avoids giving the requested answer under the paper's scoring rules; otherwise classify as non-avoidant. Detailed scoring uses algorithmic conditions and regular expressions in the supplementary material/released code. Uses generated model output outside SEDE.	Avoidant means the model declined the requested task; non-avoidant means it attempted an answer. Technical correctness is evaluated through model_answer_correctness.	An empty value means the classification is unavailable.	Zhou et al. 2024	A documented model-evaluation protocol and stored model outputs are required before implementation.
C077	model_misinformation	model_misinformation	Model evaluation	Requires model evaluation		Calculated during model evaluation	Model evaluation	Model performance	Stored model-generated answer and misinformation assessment evidence	category	present / absent / unclear. Empty means the item is awaiting a category assignment.	Whether a model-generated answer contains information judged to be false or misleading.	model_misinformation = present when the model answer contains a factual, conceptual, code, or terminological error; absent when the evaluation identifies the answer as free of such errors; unclear when the evidence is insufficient for a decision.	Present means at least one judged error could mislead the reader; absent means the evaluation identified the answer as free of such errors; unclear means the evidence was insufficient for a confident classification.	An empty value means the classification is unavailable.	Kabir et al. 2024	A documented model-evaluation protocol and stored model outputs are required before implementation.
C078	comments_before_first_answer	pre_answer_question_comment_count	Question comment	Implemented	comments_before_first_answer	Calculated by project	Later human evidence	Clarification evidence	Question comment and first-answer creation times	integer	comments	The number of available question comments posted before the earliest available answer.	The value equals the number of question comments whose CreationDate precedes first_answer_creation_datetime.	Zero means the first answer arrived before any available question comment. Larger values indicate more question discussion before the first answer.	Empty when no first answer is available; zero when an answer exists and no earlier question comment is available.		Dictionary v5 name mapped to the canonical field comments_before_first_answer: pre_answer_question_comment_count.
C079	processed_question_text	processed_question_text	Question	Literature-derived candidate		Calculated by project	Research candidate	Text	Question title, visible body text, and tags	text	text. Empty means the source or processed text is unavailable.	A cleaned version of the question prepared for text analysis and machine-learning models.	The calculation removes code blocks from question_body_html, parses the remaining HTML, decodes HTML entities, normalizes whitespace, and appends question_title and question_tags_raw before tokenization.	The text is the standardized input for later text measurements and models. Comparisons require the same cleaning, concatenation, and tokenization procedure.	An empty value means the source text is unavailable.	Raida et al. 2024	Scientific selection and a complete calculation specification are required before implementation.
C080	prompting_stability	prompting_stability	Model evaluation	Requires model evaluation		Calculated during model evaluation	Model evaluation	Model performance	Multiple prompt templates and their stored model outputs	numeric	Percentage from 0 to 100. 100 means every evaluated prompt variation preserved the response class; smaller values mean greater sensitivity to prompt wording. Empty means prompt-variation results are unavailable.	How consistently a model gives the same type of outcome when the wording or template of the prompt changes.	prompting_stability = 0.5 * (s_g + s_not_g), scaled from its original 0.5-1 range to 0-100, where s_g is the probability that a response remains in the same group after changing prompt template. Correctness and prudence variants are defined in the paper.	100% means all evaluated prompt variations preserved the response class. Smaller percentages indicate that model behavior changed more often when the prompt wording changed.	An empty value means one or more required inputs are unavailable. A value of 0 is a valid numeric result.	Zhou et al. 2024	A documented model-evaluation protocol and stored model outputs are required before implementation.
C081	question_body_text	question_body_text	Question	Implemented	question_body_text	Calculated by project	Question content at dump snapshot	Text	question_body_html	text	plain visible text	The visible wording of the question body in plain text, including visible code text.	The HTML is parsed, and visible text is joined with normalized spaces.	The value supports reading and text processing. Formatting is flattened into spaces while visible code text remains present.	Empty when the source body is empty.		Produced by the current builder and mapped to the current output field.
C082	question_word_count	question_body_word_count	Question	Implemented	question_word_count	Calculated by project	Question content at dump snapshot	Text characteristic	question_body_html	integer	words	The number of word-like items in the question prose after code blocks and inline code are removed.	Preformatted and code elements are removed before visible-prose extraction and Unicode word-token counting.	Larger values mean longer prose. Question length combines with content and response evidence during difficulty analysis.	Zero when no prose words remain.	SOQDE 2018; Raida et al. 2024	Dictionary v5 name mapped to the canonical field question_word_count: question_body_word_count.
C083	available_question_comment_count	question_comment_count	Question comment	Implemented	available_question_comment_count	Calculated by project	Later human evidence	Interaction outcome	Comments rows with PostId = question_id	integer	available question comments	The number of comment rows directly attached to the question that are available in Comments.xml.	The value equals the number of matching question-comment rows; comments on answers are outside the agreed extraction scope.	Zero means no comment row attached directly to the question is available. Larger values indicate more question-level discussion.	Zero when no question comment row is available.		Dictionary v5 name mapped to the canonical field available_question_comment_count: question_comment_count.
C084	question_popularity_group	question_popularity_group	Question	Literature-derived candidate		Calculated by project	Research candidate	Community reception	Posts.ViewCount	category	Popular / Average Popular / Unpopular. Empty means the item is awaiting a category assignment.	A broad popularity category based on how many times a question was viewed.	The assessment assigns Popular to the highest 10% of question_view_count, Unpopular to the lowest 10%, and Average Popular to the middle group used for sampling.	Popular identifies the top 10% by views, Unpopular the bottom 10%, and Average Popular the middle 80% in the analyzed collection.	An empty value means the classification is unavailable.	Kabir et al. 2024	Scientific selection and a complete calculation specification are required before implementation.
C085	question_recency_group	question_recency_group	Question	Literature-derived candidate		Calculated by project	Research candidate	Temporal category	Posts.CreationDate	category	Old / New. Old means the question was created before the project’s configured threshold date; New means it was created on or after that date. Empty means the creation time or threshold configuration is unavailable.	A broad age category indicating whether the question belongs to the project's older or newer time period.	If question_creation_datetime is earlier than the threshold, assign Old; otherwise assign New.	Old and New describe age relative to the project's configured cutoff date.	An empty value means the classification is unavailable.		Scientific selection and a complete calculation specification are required before implementation.
C086	tag_count	question_tag_count	Tag	Implemented	tag_count	Calculated by project	Question content at dump snapshot	Topic	question_tags	integer	tags	The number of tags attached to the question.	The value equals the number of parsed tag names.	The value is usually between one and the site tag limit. Larger values describe a question assigned to more topics.	Zero when no tag is present.		Dictionary v5 name mapped to the canonical field tag_count: question_tag_count.
C087	question_type_label	question_type_label	Question	Requires manual assessment		Assessed manually	Manual assessment	Question type	Question title, visible body text, and tags	category	Conceptual / How-to / Debugging. Empty means the item is awaiting a category assignment.	A category describing the kind of help requested: an explanation, instructions for doing something, or help fixing a problem.	The cited method classifies the initial question title, body, and tags as Conceptual, How-to, or Debugging with a support-vector machine and then validates the assigned labels manually. The available publication does not provide the fitted model coefficients.	Conceptual requests understanding, How-to requests instructions, and Debugging requests help diagnosing or fixing a problem.	An empty value means the classification is unavailable.	Kabir et al. 2024	A documented assessment protocol and reviewer evidence are required before implementation.
C088	received_response_ratio_from_asker_history	received_response_ratio_from_asker_history	Question author	Literature-derived candidate		Calculated by project	Research candidate	Response outcome	Posts.OwnerUserId, Posts.AnswerCount, Posts.PostTypeId, and Posts.CreationDate across the author's earlier questions	float	Decimal ratio from 0 to 1. For example, 0.25 means 25%. Empty means the required denominator or source history is unavailable.	The proportion of a user's earlier questions that received at least one answer.	AQp = (sum_{t<T} Aq / sum_{t<T} Tq) * 100, where T is the current question submission time, t is a previous question submission time, Aq is the number of previous answered questions, and Tq is the number of previous asked questions. If stored as a 0-1 ratio, divide the percentage by 100.	0 means none of the user's earlier questions received an answer, 1 means all did, and 0.75 means three quarters did.	An empty value means one or more required inputs are unavailable. A value of 0 is a valid numeric result.	Mondal et al. 2021	Scientific selection and a complete calculation specification are required before implementation.
C089	response_class	response_class	Model evaluation	Requires model evaluation		Calculated during model evaluation	Model evaluation	Model performance	Stored model-generated answer and the benchmark response-scoring rule	category	correct / avoidant / incorrect. Empty means the item is awaiting a category assignment.	The benchmark's overall outcome for a model response: correct, avoidant, or incorrect.	response_class = correct if the model answer satisfies the benchmark scoring rule, avoidant if model_avoidance is true, and incorrect otherwise. Detailed scoring uses benchmark-specific algorithmic conditions and regular expressions in the supplementary material/released code.	Correct means the benchmark rule was satisfied; avoidant means the model declined the task; incorrect means the attempted answer failed the rule.	An empty value means the classification is unavailable.	Zhou et al. 2024	A documented model-evaluation protocol and stored model outputs are required before implementation.
C090	text_code_ratio	text_code_ratio	Question	Literature-derived candidate		Calculated by project	Research candidate	Text characteristic	Posts.Body	float	Non-negative ratio of text characters to code characters. 1 means equal lengths, values above 1 mean more text, and values below 1 mean more code. A question with zero code uses the project sentinel described in column H.	The amount of explanatory text in a question compared with the amount of source code.	text_code_ratio = character_count(text_part) / character_count(code_part), where text_part and code_part are extracted from question_body_html. When code_character_count is zero, the paper assigns a large sentinel; its exact numeric value is unspecified.	1 means equal amounts of prose and code, a value above 1 means more prose, and a value below 1 means more code. A zero-code question requires the special handling stated in the formula.	An empty value means the required question text is unavailable. When code length is zero, the documented project sentinel is the result.	Mondal et al. 2021	Scientific selection and a complete calculation specification are required before implementation.
C091	text_readability_average_grade	text_readability_average_grade	Question	Literature-derived candidate		Calculated by project	Research candidate	Text characteristic	Visible question title and body text	float	Decimal grade-level estimate. Larger values indicate text that generally requires a higher reading level. Empty means readable source text is unavailable.	An estimated school-grade reading level for the question's prose.	The calculation removes code elements and stack traces, computes ARI, Coleman-Liau, SMOG, Gunning Fog, and RIX grades, and returns their mean.	A value near 8 suggests roughly eighth-grade reading complexity; larger values indicate more demanding prose. It estimates the language complexity of the prose.	An empty value means one or more required inputs are unavailable. A value of 0 is a valid numeric result.	Mondal et al. 2021	Scientific selection and a complete calculation specification are required before implementation.
C092	tf_idf_textual_representation	tf_idf_textual_representation	Question	Literature-derived candidate		Calculated by project	Research candidate	Text representation	Processed question title, body, and tags across the selected corpus	vector	numeric vector. Each position stores one model feature or weight. Empty means the model representation is awaiting generation.	A numeric representation showing which words are especially important to a question compared with the full question collection.	TF-IDF_i,j = TF_i,j * log(N / df_i), where TF_i,j is term frequency in question j, N is total number of questions, and df_i is the number of questions containing term i. SOQDE 2018 additionally removed <code> snippets, removed NLTK/Stanford stop words, applied Snowball stemming, excluded terms appearing in fewer than three questions, and generated vectors in WEKA.	A larger weight marks a word that is important in this question and relatively uncommon in the collection. The full vector supports comparison or modelling.	An empty value means the representation or required model input is unavailable.	SOQDE 2018; Raida et al. 2024	Scientific selection and a complete calculation specification are required before implementation.
C093	time_to_eventually_accepted_answer_post_hours	time_to_accepted_answer_hours	Accepted answer	Implemented	time_to_eventually_accepted_answer_post_hours	Calculated by project	Later human evidence	Response timing	question_creation_datetime and accepted_answer_creation_datetime	float	hours	The elapsed hours from question posting to the posting of the answer that is currently accepted.	The question creation timestamp is subtracted from the accepted-answer posting timestamp, and the elapsed seconds are divided by 3,600.	Smaller values mean the answer that ultimately became accepted was posted sooner after the question. This value measures answer posting time.	Empty when the accepted-answer row is unavailable or a valid non-negative interval cannot be calculated.	Raida et al. 2024	Dictionary v5 name mapped to the canonical field time_to_eventually_accepted_answer_post_hours: time_to_accepted_answer_hours.
C094	topic_entropy	topic_entropy	Question	Literature-derived candidate		Calculated by project	Research candidate	Text characteristic	Posts.Tags	float	Non-negative decimal entropy value. Larger values indicate greater diversity or unpredictability under the stated method. Empty means the required text or corpus statistics are unavailable.	A measure of how varied or surprising a question's tags are relative to tag patterns in the full collection.	topic_entropy = -(1/n) * sum_k(P_k * log(P_k)), where n = number of tags/topics on the question and P_k = probability of topic k.	Larger values indicate a more diverse or less predictable tag combination. Valid comparisons use the same corpus and probability estimates.	An empty value means one or more required inputs are unavailable. A value of 0 is a valid numeric result.	Mondal et al. 2021	Scientific selection and a complete calculation specification are required before implementation.
C095	topic_response_ratio	topic_response_ratio	Question	Literature-derived candidate		Calculated by project	Research candidate	Topic	Posts.Tags, Posts.AnswerCount, Posts.Id, and Posts.CreationDate across earlier questions	float	Decimal ratio from 0 to 1. For example, 0.25 means 25%. Empty means the required denominator or source history is unavailable.	The average historical answer rate of the topics represented by a question's tags.	topic_response_ratio = (1/N) * sum_i Rt_i, where Rt = AQ / TQ for each tag/topic, AQ = answered questions for that tag, TQ = total questions for that tag, and N = number of tags on the question.	A value of 0.8 means the question's tags have an average historical answer rate of 80%. Larger values indicate topics that more often receive answers.	An empty value means one or more required inputs are unavailable. A value of 0 is a valid numeric result.	Mondal et al. 2021	Scientific selection and a complete calculation specification are required before implementation.
C096	transform_input_output_word_count	transform_input_output_word_count	Benchmark instance	Literature-derived candidate		Calculated by project	Research candidate	Difficulty evidence	External text-transformation benchmark input and expected output	int	Non-negative integer count. 0 means that the counted quantity is absent. Empty means the source needed for counting is unavailable.	The combined number of words in the input and expected output of a text-transformation benchmark task.	transform_input_output_word_count equals the number of words in the transform benchmark input and output used for the fw+l difficulty proxy. The value comes from the external benchmark dataset.	Zero means no words in the benchmark input and output; larger values indicate more words in the benchmark input and output.	An empty value means the source needed to produce the count is unavailable. A value of 0 is a valid observed count.	Zhou et al. 2024	Scientific selection and a complete calculation specification are required before implementation.
C097	transform_levenshtein_distance	transform_levenshtein_distance	Benchmark instance	Literature-derived candidate		Calculated by project	Research candidate	Difficulty evidence	External text-transformation benchmark input and expected output	int	Non-negative integer edit distance. 0 means identical input and output strings; larger values mean more single-character insertions, deletions, or substitutions. Empty means either string is unavailable.	The minimum number of single-character insertions, deletions, or substitutions needed to change a benchmark input into its expected output.	transform_levenshtein_distance equals the Levenshtein edit distance between the transform benchmark input string and output string, used with input/output word counts in the fw+l difficulty proxy. The value comes from the external benchmark dataset.	Zero means the benchmark input already equals the expected output. Larger values mean more character-level edits are required for the transformation.	An empty value means the required source information is unavailable.	Zhou et al. 2024	Scientific selection and a complete calculation specification are required before implementation.
C098	up_vote_count	up_vote_count	Vote	Literature-derived candidate		Calculated by project	Research candidate	Count	Votes.VoteTypeId and Votes.PostId, with the documented up-vote type	int	Non-negative integer count. 0 means that the counted quantity is absent. Empty means the source needed for counting is unavailable.	The number of up-votes recorded for the question.	up_vote_count = count(vote_id where vote_post_id = question_id and vote_type_name identifies the up-vote type).	Zero means no up-votes on the question; larger values indicate more up-votes on the question.	An empty value means the source needed to produce the count is unavailable. A value of 0 is a valid observed count.	Raida et al. 2024	Scientific selection and a complete calculation specification are required before implementation.
C099	url_image_count	url_image_count	Post	Literature-derived candidate		Calculated by project	Research candidate	Count	Posts.Body	int	Non-negative integer count. 0 means that the counted quantity is absent. Empty means the source needed for counting is unavailable.	The total number of hyperlinks and embedded images included in the question.	The calculation counts hyperlink and image elements in question_body_html and returns their combined total.	Zero means no links and images in the question; larger values indicate more links and images in the question.	An empty value means the source needed to produce the count is unavailable. A value of 0 is a valid observed count.	Raida et al. 2024	Scientific selection and a complete calculation specification are required before implementation.
C100	user_bronze_badge_count	user_bronze_badge_count	User	Requires additional dump file		Calculated by project	Additional source record	Count	Badges.UserId and Badges.Class	int	Non-negative integer count. 0 means that the counted quantity is absent. Empty means the source needed for counting is unavailable.	The number of bronze badges earned by the user.	user_bronze_badge_count = count(badge_id where badge_user_id = user_id and badge_class identifies the bronze badge class).	Zero means no bronze badges held by the user; larger values indicate more bronze badges held by the user.	An empty value means the source needed to produce the count is unavailable. A value of 0 is a valid observed count.	Raida et al. 2024	The required additional dump table is outside the current production inputs.
C101	user_gold_badge_count	user_gold_badge_count	User	Requires additional dump file		Calculated by project	Additional source record	Count	Badges.UserId and Badges.Class	int	Non-negative integer count. 0 means that the counted quantity is absent. Empty means the source needed for counting is unavailable.	The number of gold badges earned by the user.	user_gold_badge_count = count(badge_id where badge_user_id = user_id and badge_class identifies the gold badge class).	Zero means no gold badges held by the user; larger values indicate more gold badges held by the user.	An empty value means the source needed to produce the count is unavailable. A value of 0 is a valid observed count.	Raida et al. 2024	The required additional dump table is outside the current production inputs.
C102	user_preference_for_model_answer	user_preference_for_model_answer	Model evaluation	Requires model evaluation		Calculated during model evaluation	Model evaluation	Model performance	Recorded participant comparisons of model-generated and Stack Exchange answers	category / percentage	prefer model / prefer Stack Exchange / tie. Empty means the item is awaiting a category assignment.	Which answer participants preferred when comparing a model-generated answer with a Stack Exchange answer to the same question.	Participants assess model and human answers with the same survey questions, select a preferred answer, and produce model, Stack Exchange, or tie categories.	Prefer model and prefer Stack Exchange identify the favored answer source; tie means neither source won the comparison.	An empty value means the classification is unavailable.	Kabir et al. 2024	A documented model-evaluation protocol and stored model outputs are required before implementation.
C103	user_silver_badge_count	user_silver_badge_count	User	Requires additional dump file		Calculated by project	Additional source record	Count	Badges.UserId and Badges.Class	int	Non-negative integer count. 0 means that the counted quantity is absent. Empty means the source needed for counting is unavailable.	The number of silver badges earned by the user.	user_silver_badge_count = count(badge_id where badge_user_id = user_id and badge_class identifies the silver badge class).	Zero means no silver badges held by the user; larger values indicate more silver badges held by the user.	An empty value means the source needed to produce the count is unavailable. A value of 0 is a valid observed count.	Raida et al. 2024	The required additional dump table is outside the current production inputs.
C104	answer_score	answer_score	Answer	Available in current source		Calculated by Stack Exchange	Source dump record	Community reception	Posts.Score	int	Integer score or score difference. Positive, zero, and negative values retain their Stack Exchange score meaning. Empty means the score is unavailable.	The score that an answer received from the Stack Exchange community through up-votes and down-votes.	Stack Exchange calculates and maintains the value in Posts.Score; the catalogue records the maintained source value.	A positive score means more up-votes than down-votes, 0 means no net difference, and a negative score means more down-votes. For example, 5 means five more up-votes than down-votes.	An empty value means the score is unavailable. A value of 0 is a valid recorded score.		Available in the current XML inputs and retained outside the question-level output until a separate table or explicit aggregation is defined.
C105	badge_class	badge_class	Badge	Requires additional dump file		Calculated by Stack Exchange	Additional source record	Badge category	Badges.Class	tinyint	1 = Gold; 2 = Silver; 3 = Bronze. Empty means the badge class is unavailable.	The award level of a badge: gold, silver, or bronze.	Stack Exchange calculates and maintains the value in Badges.Class; the catalogue records the maintained source value.	1 means Gold, 2 means Silver, and 3 means Bronze. These numbers identify badge levels.	An empty value means the required source information is unavailable.		The required additional dump table is outside the current production inputs.
C106	badge_tag_based	badge_tag_based	Badge	Requires additional dump file		Calculated by Stack Exchange	Additional source record	Topic	Badges.TagBased	bit	TRUE or FALSE. TRUE means the condition is present; FALSE means it is absent. Empty means the source value is unavailable.	Whether the badge was earned for activity associated with a particular topic tag.	Stack Exchange calculates and maintains the value in Badges.TagBased; the catalogue records the maintained source value.	TRUE means the condition is present and FALSE means it is absent; FALSE is a valid recorded result.	An empty value means the source is unavailable. FALSE is a valid recorded result.		The required additional dump table is outside the current production inputs.
C107	comment_score	comment_score	Question comment	Available in current source		Calculated by Stack Exchange	Source dump record	Community reception	Comments.Score	int	Integer score or score difference. Positive, zero, and negative values retain their Stack Exchange score meaning. Empty means the score is unavailable.	The number of positive community votes received by a comment.	Stack Exchange calculates and maintains the value in Comments.Score; the catalogue records the maintained source value.	0 means no positive comment votes are recorded; larger values mean more users endorsed the comment.	An empty value means the score is unavailable. A value of 0 is a valid recorded score.		Available in the current XML inputs and retained outside the question-level output until a separate table or explicit aggregation is defined.
C108	favorite_count	favorite_count	Question	Needs source review		Calculated by Stack Exchange	Source review	Community reception	Posts.FavoriteCount	int	Non-negative integer count. 0 means that the counted quantity is absent. Empty means the source needed for counting is unavailable.	The number of users who marked the question as a favorite or saved item in data versions that provide this field.	Stack Exchange calculates and maintains the value in Posts.FavoriteCount; the catalogue records the maintained source value.	Zero means no recorded favorites; larger values indicate more recorded favorites.	An empty value means this source field is unavailable. A value of 0 means no favorites were recorded.	SOQDE 2018; Raida et al. 2024	Source availability and meaning require verification for the selected Stack Exchange dump.
C109	post_type_id	post_type_id	Post	Available in current source		Calculated by Stack Exchange	Source dump record	Identifier	Posts.PostTypeId	tinyint	1 = Question; 2 = Answer. These are categorical codes; equality comparison applies. Empty means the code is unavailable.	A category code telling whether a post is a question or an answer.	Stack Exchange calculates and maintains the value in Posts.PostTypeId; the catalogue records the maintained source value.	1 means Question and 2 means Answer. The codes identify post categories.	An empty value means the related record or relationship is unavailable.		Available in the current XML inputs and retained outside the question-level output until a separate table or explicit aggregation is defined.
C110	question_score	question_score	Question	Implemented	question_score	Calculated by Stack Exchange	Later human evidence	Community reception	Posts.Score where PostTypeId = 1	integer	net votes	The question's voting result at the dump snapshot: up-votes increase the value and down-votes decrease it.	Stack Exchange calculates the net voting score and stores it in Posts.Score; the value is copied from the selected question row.	Positive values show more up-votes than down-votes, zero shows a balanced or limited voting result, and negative values show more down-votes.	Empty only when the source score is unavailable.	SOQDE 2018; Raida et al. 2024	Produced by the current builder and mapped to the current output field.
C111	question_view_count	question_view_count	Question	Implemented	question_view_count	Calculated by Stack Exchange	Dump-snapshot context	Visibility	Posts.ViewCount where PostTypeId = 1	integer	views	The number of times Stack Exchange recorded the question page as viewed by the dump snapshot.	Stack Exchange maintains the view total in Posts.ViewCount; the value is copied from the selected question row.	Higher values show greater recorded exposure. Question age and site traffic also influence this count.	Empty when the source row omits the view count.	SOQDE 2018; Raida et al. 2024	Produced by the current builder and mapped to the current output field.
C112	stackexchange_answer_count	recorded_answer_count	Post	Implemented	stackexchange_answer_count	Calculated by Stack Exchange	Later human evidence	Response outcome	Posts.AnswerCount where PostTypeId = 1	integer	answers	The number of answers shown in the count stored by Stack Exchange on the question row.	Stack Exchange maintains the answer total in Posts.AnswerCount; the value is copied from the selected question row.	Zero denotes no answer in the platform-maintained count. Comparison with available_answer_count identifies source-row differences.	Empty when the source count is unavailable.	SOQDE 2018; Raida et al. 2024	Dictionary v5 name mapped to the canonical field stackexchange_answer_count: recorded_answer_count.
C113	stackexchange_comment_count	recorded_comment_count	Question comment	Implemented	stackexchange_comment_count	Calculated by Stack Exchange	Later human evidence	Interaction outcome	Posts.CommentCount where PostTypeId = 1	integer	comments	The number of comments shown in the count stored by Stack Exchange on the question row.	Stack Exchange maintains the question-comment total in Posts.CommentCount; the value is copied from the selected question row.	Zero denotes no question comment in the platform-maintained count. Comparison with available_question_comment_count identifies source-row differences.	Empty when the source count is unavailable.	SOQDE 2018	Dictionary v5 name mapped to the canonical field stackexchange_comment_count: recorded_comment_count.
C114	tag_usage_count	tag_usage_count	Tag	Requires additional dump file		Calculated by Stack Exchange	Additional source record	Topic	Tags.Count	int	Non-negative integer count. 0 means that the counted quantity is absent. Empty means the source needed for counting is unavailable.	The number of questions currently associated with the tag according to Stack Exchange.	Stack Exchange calculates and maintains the value in Tags.Count; the catalogue records the maintained source value.	Zero means no questions carrying the tag; larger values indicate more questions carrying the tag.	An empty value means the source needed to produce the count is unavailable. A value of 0 is a valid observed count.		The required additional dump table is outside the current production inputs.
C115	user_down_votes	user_down_votes	User	Requires additional dump file		Calculated by Stack Exchange	Additional source record	Count	Users.DownVotes	int	Non-negative integer count. 0 means that the counted quantity is absent. Empty means the source needed for counting is unavailable.	The total number of down-votes the user has cast.	Stack Exchange calculates and maintains the value in Users.DownVotes; the catalogue records the maintained source value.	Zero means no down-votes cast by the user; larger values indicate more down-votes cast by the user.	An empty value means the source needed to produce the count is unavailable. A value of 0 is a valid observed count.		The required additional dump table is outside the current production inputs.
C116	user_reputation	user_reputation	User	Requires additional dump file		Calculated by Stack Exchange	Additional source record	Community reception	Users.Reputation	int	Non-negative integer reputation points maintained by Stack Exchange. Larger values indicate more accumulated reputation. Empty means the platform value is unavailable.	The user's current reputation-point total on the Stack Exchange site.	Stack Exchange calculates and maintains the value in Users.Reputation; the catalogue records the maintained source value.	Larger values indicate more reputation accumulated on the selected Stack Exchange site. Valid comparisons use the same site and extraction date because reputation changes over time.	An empty value means the required source information is unavailable.	SOQDE 2018; Mondal et al. 2021; Raida et al. 2024	The required additional dump table is outside the current production inputs.
C117	user_up_votes	user_up_votes	User	Requires additional dump file		Calculated by Stack Exchange	Additional source record	Count	Users.UpVotes	int	Non-negative integer count. 0 means that the counted quantity is absent. Empty means the source needed for counting is unavailable.	The total number of up-votes the user has cast.	Stack Exchange calculates and maintains the value in Users.UpVotes; the catalogue records the maintained source value.	Zero means no up-votes cast by the user; larger values indicate more up-votes cast by the user.	An empty value means the source needed to produce the count is unavailable. A value of 0 is a valid observed count.		The required additional dump table is outside the current production inputs.
C118	user_views	user_views	User	Requires additional dump file		Calculated by Stack Exchange	Additional source record	Count	Users.Views	int	Non-negative integer count. 0 means that the counted quantity is absent. Empty means the source needed for counting is unavailable.	The number of times the user's profile page has been viewed according to Stack Exchange.	Stack Exchange calculates and maintains the value in Users.Views; the catalogue records the maintained source value.	Zero means no recorded profile views; larger values indicate more recorded profile views.	An empty value means the source needed to produce the count is unavailable. A value of 0 is a valid observed count.		The required additional dump table is outside the current production inputs.
C119	site		Provenance	Implemented	site	Non-calculated	Provenance	Identifier	Command parameter	text	Stack Exchange host name	The Stack Exchange site from which the question was extracted.	The plain host supplied through --site is copied to every selected question row.	The value distinguishes communities because each Stack Exchange site has its own topics, accounts, and moderation practices.	Never empty in a valid output.		Added from the verified production schema during Dictionary v5 synthesis.
C120	dump_snapshot_date		Provenance	Implemented	dump_snapshot_date	Non-calculated	Provenance	Provenance	Dump metadata	date	YYYY-MM-DD	The date represented by the downloaded Stack Exchange dump.	The date supplied through --dump-date is copied to every selected question row.	Every snapshot-based score, view, count, and text field is observed by this date, which defines the end of the observation period.	Never empty in a valid output.		Added from the verified production schema during Dictionary v5 synthesis.
C121	question_url		Question	Implemented	question_url	Calculated by project	Provenance	Identifier	site and question_id	text	URL	The direct web address of the original question.	The site host and question_id are inserted into the address pattern https://{site}/questions/{question_id}.	The address identifies the public question page when that page remains available online.	Never empty in a valid output.		Added from the verified production schema during Dictionary v5 synthesis.
C122	question_last_edit_datetime		Question	Implemented	question_last_edit_datetime	Non-calculated	Dump-snapshot context	Timestamp	Posts.LastEditDate where PostTypeId = 1	datetime	UTC datetime	The most recent question edit time recorded in the dump.	The value is copied from Posts.LastEditDate on the selected question row when that attribute is present.	Comparison with the creation time identifies whether an edit occurred and gives the most recent recorded edit time.	Empty when the question has no recorded edit.		Added from the verified production schema during Dictionary v5 synthesis.
C123	question_tags		Tag	Implemented	question_tags	Calculated by project	Question content at dump snapshot	Topic	question_tags_raw	text	semicolon-separated tags	The question tags in a simple list that is easy to read and split.	Each name between angle brackets is extracted, and the names are joined with semicolons.	Semicolon separation yields the individual topic names. One question can carry several tags.	Empty when the question has no source tags.	Raida et al. 2024	Added from the verified production schema during Dictionary v5 synthesis.
C124	question_content_license		Question	Implemented	question_content_license	Non-calculated	Provenance	Provenance	Posts.ContentLicense where PostTypeId = 1	text	licence name	The content licence recorded for the question row.	The value is copied from Posts.ContentLicense on the selected question row.	The licence, question URL, and author information govern sharing and reuse of question content.	Empty for an older source row that omits the licence field.		Added from the verified production schema during Dictionary v5 synthesis.
C125	owner_display_name		Question author	Implemented	owner_display_name	Non-calculated	Question metadata at dump snapshot	Identifier	Posts.OwnerDisplayName where PostTypeId = 1	text	display name	The source display name stored directly on the post, mainly for authors without an available user identifier.	The value is copied from Posts.OwnerDisplayName on the selected question row when that attribute is present.	The source name supports attribution when Stack Exchange stores a name directly on the post.	Empty when the source row provides no direct display name.		Added from the verified production schema during Dictionary v5 synthesis.
C126	link_count		Question	Implemented	link_count	Calculated by project	Question content at dump snapshot	Context characteristic	question_body_html	integer	links	The number of hyperlinks in the question body.	The value equals the number of HTML a elements containing an href attribute.	Zero means the question contains no hyperlink. Larger values indicate greater reliance on linked context.	Zero when no hyperlink is present.		Added from the verified production schema during Dictionary v5 synthesis.
C127	image_count		Question	Implemented	image_count	Calculated by project	Question content at dump snapshot	Context characteristic	question_body_html	integer	images	The number of images embedded in the question body.	The value equals the number of HTML img elements.	Zero means the question contains no embedded image. Larger values indicate more visual material.	Zero when no image is present.		Added from the verified production schema during Dictionary v5 synthesis.
C128	available_answer_count		Question thread	Implemented	available_answer_count	Calculated by project	Later human evidence	Response outcome	Posts answer rows with ParentId = question_id	integer	available answer rows	The number of answer rows that are actually available in Posts.xml for the question.	The value equals the number of matching PostTypeId = 2 rows in the dump.	Zero means no answer row is available in Posts.xml. Larger values mean more human responses are available for analysis.	Zero when no answer row is available.		Added from the verified production schema during Dictionary v5 synthesis.
C129	has_available_answer		Question thread	Implemented	has_available_answer	Calculated by project	Later human evidence	Response outcome	available_answer_count	boolean	TRUE or FALSE	Whether at least one answer row is available for the question in the dump.	The value is TRUE when available_answer_count is greater than zero and FALSE when it equals zero.	TRUE means at least one answer row is available; FALSE means the available answer count is zero.	Never empty in a valid output.		Added from the verified production schema during Dictionary v5 synthesis.
C130	first_answer_id		Answer	Implemented	first_answer_id	Calculated by project	Later human evidence	Response outcome	Available answer rows	text	answer identifier	The identifier of the earliest available answer by creation time.	Available answers are ordered by CreationDate and numeric Id; the first row supplies the value.	The identifier locates the earliest available answer selected by timestamp and numeric ID.	Empty when no answer row is available.		Added from the verified production schema during Dictionary v5 synthesis.
C131	accepted_answer_available		Accepted answer	Implemented	accepted_answer_available	Calculated by project	Later human evidence	Resolution outcome	accepted_answer_id and available answer rows	boolean	TRUE or FALSE	Whether the answer named by accepted_answer_id is present in Posts.xml.	The value is TRUE when the available answers contain a row whose Posts.Id equals accepted_answer_id.	TRUE means the accepted-answer row is present and its content can be analyzed; FALSE means the row is absent or the question has no accepted-answer identifier.	FALSE when no accepted answer is recorded or its row is unavailable.		Added from the verified production schema during Dictionary v5 synthesis.
C132	accepted_answer_url		Accepted answer	Implemented	accepted_answer_url	Calculated by project	Provenance	Identifier	site and accepted_answer_id	text	web address	The direct web address of the answer currently identified as accepted.	The address is constructed as https://{site}/a/{accepted_answer_id}.	The address identifies the currently accepted answer and supports attribution when that page remains available online.	Empty when the question has no accepted answer identifier.		Added from the verified production schema during Dictionary v5 synthesis.
C133	accepted_answer_owner_user_id		Accepted answer	Implemented	accepted_answer_owner_user_id	Non-calculated	Later human evidence	Attribution	Posts.OwnerUserId on the available accepted-answer row	text	user identifier	The Stack Exchange user identifier of the accepted-answer author when the account is available in the dump.	The value is copied from Posts.OwnerUserId on the available accepted-answer row.	The identifier supports accepted-answer author attribution and source joins when the account is available.	Empty when the accepted-answer row or its author account is unavailable.		Added from the verified production schema during Dictionary v5 synthesis.
C134	accepted_answer_owner_display_name		Accepted answer	Implemented	accepted_answer_owner_display_name	Non-calculated	Later human evidence	Attribution	Posts.OwnerDisplayName on the available accepted-answer row	text	display name	The author display name stored directly on the accepted-answer row.	The value is copied from Posts.OwnerDisplayName on the available accepted-answer row when that attribute is present.	The source name supports accepted-answer attribution when Stack Exchange stores it directly on the answer row.	Empty when the source row provides no direct display name.		Added from the verified production schema during Dictionary v5 synthesis.
C135	accepted_answer_content_license		Accepted answer	Implemented	accepted_answer_content_license	Non-calculated	Provenance	Provenance	Posts.ContentLicense on the available accepted-answer row	text	licence name	The content licence recorded for the accepted answer.	The value is copied from Posts.ContentLicense on the available accepted-answer row.	The licence, accepted-answer URL, and author information govern sharing and reuse of answer content.	Empty when the accepted-answer row is unavailable or the older source row has no licence field.		Added from the verified production schema during Dictionary v5 synthesis.
C136	acceptance_date		Accepted answer	Implemented	acceptance_date	Calculated by project	Later human evidence	Resolution outcome	Votes.CreationDate where PostId = accepted_answer_id and VoteTypeId = 1	date	YYYY-MM-DD	The first recorded day on which the currently accepted answer received an acceptance vote.	The earliest matching VoteTypeId = 1 date supplies the value. Public-dump vote timestamps have day-level precision.	This day records the acceptance action for the currently accepted answer. Public vote timestamps provide calendar-day precision.	Empty when no matching acceptance vote is available.		Added from the verified production schema during Dictionary v5 synthesis.
C137	days_to_acceptance		Accepted answer	Implemented	days_to_acceptance	Calculated by project	Later human evidence	Response timing	question_creation_datetime and acceptance_date	integer	calendar days	The number of calendar days from question posting to the first recorded acceptance day for the currently accepted answer.	The calendar date of question_creation_datetime is subtracted from acceptance_date.	Zero means acceptance occurred on the question posting day. Larger values mean more calendar days passed before the recorded acceptance action.	Empty when acceptance_date is unavailable or the interval is invalid.		Added from the verified production schema during Dictionary v5 synthesis.
C138	observation_days_at_dump		Provenance	Implemented	observation_days_at_dump	Calculated by project	Provenance	Follow-up control	question_creation_datetime and dump_snapshot_date	integer	calendar days	The number of calendar days between question posting and the dump snapshot.	The calendar date of question_creation_datetime is subtracted from dump_snapshot_date.	Larger values provide more time for accumulated answers, comments, votes, and views. The field controls unequal follow-up time.	Empty only when either date is invalid.		Added from the verified production schema during Dictionary v5 synthesis.
